Body,TimeStep,X,Y,Z
0,0,0.0188505,1.7664e-07,0
0,1,5.62887e-07,2.88228e-14,0
0,2,1.26649e-06,9.7277e-14,0
0,3,2.25155e-06,2.30583e-13,0
0,4,3.51804e-06,4.50357e-13,0
0,5,5.06598e-06,7.78216e-13,0
0,6,6.89536e-06,1.23578e-12,0
0,7,9.00618e-06,1.84466e-12,0
0,8,1.13985e-05,2.62648e-12,0
0,9,1.40722e-05,3.60285e-12,0
0,10,1.70273e-05,4.7954e-12,0
0,11,2.02639e-05,6.22573e-12,0
0,12,2.3782e-05,7.91547e-12,0
0,13,2.75814e-05,9.88623e-12,0
0,14,3.16624e-05,1.21596e-11,0
0,15,3.60247e-05,1.47573e-11,0
0,16,4.06686e-05,1.77008e-11,0
0,17,4.55938e-05,2.10118e-11,0
0,18,5.08005e-05,2.4712e-11,0
0,19,5.62887e-05,2.88228e-11,0
0,20,6.20582e-05,3.3366e-11,0
0,21,6.81093e-05,3.83632e-11,0
0,22,7.44417e-05,4.38359e-11,0
0,23,8.10557e-05,4.98058e-11,0
0,24,8.7951e-05,5.62946e-11,0
0,25,9.51278e-05,6.33237e-11,0
0,26,0.000102586,7.09149e-11,0
0,27,0.000110326,7.90898e-11,0
0,28,0.000118347,8.787e-11,0
0,29,0.000126649,9.7277e-11,0
0,30,0.000135233,1.07333e-10,0
0,31,0.000144099,1.18058e-10,0
0,32,0.000153246,1.29476e-10,0
0,33,0.000162674,1.41607e-10,0
0,34,0.000172384,1.54472e-10,0
0,35,0.000182375,1.68095e-10,0
0,36,0.000192648,1.82495e-10,0
0,37,0.000203202,1.97696e-10,0
0,38,0.000214038,2.13718e-10,0
0,39,0.000225155,2.30583e-10,0
0,40,0.000236553,2.48312e-10,0
0,41,0.000248233,2.66928e-10,0
0,42,0.000260194,2.86452e-10,0
0,43,0.000272437,3.06905e-10,0
0,44,0.000284961,3.2831e-10,0
0,45,0.000297767,3.50687e-10,0
0,46,0.000310854,3.74059e-10,0
0,47,0.000324223,3.98447e-10,0
0,48,0.000337873,4.23872e-10,0
0,49,0.000351804,4.50357e-10,0
0,50,0.000366017,4.77922e-10,0
0,51,0.000380511,5.0659e-10,0
0,52,0.000395287,5.36382e-10,0
0,53,0.000410344,5.6732e-10,0
0,54,0.000425683,5.99425e-10,0
0,55,0.000441303,6.32718e-10,0
0,56,0.000457205,6.67223e-10,0
0,57,0.000473388,7.0296e-10,0
0,58,0.000489852,7.3995e-10,0
0,59,0.000506598,7.78216e-10,0
0,60,0.000523625,8.17779e-10,0
0,61,0.000540934,8.58661e-10,0
0,62,0.000558524,9.00882e-10,0
0,63,0.000576396,9.44466e-10,0
0,64,0.000594549,9.89433e-10,0
0,65,0.000612983,1.03581e-09,0
0,66,0.000631699,1.0836e-09,0
0,67,0.000650697,1.13285e-09,0
0,68,0.000669976,1.18357e-09,0
0,69,0.000689536,1.23578e-09,0
0,70,0.000709378,1.2895e-09,0
0,71,0.000729501,1.34476e-09,0
0,72,0.000749906,1.40157e-09,0
0,73,0.000770592,1.45996e-09,0
0,74,0.000791559,1.51995e-09,0
0,75,0.000812808,1.58157e-09,0
0,76,0.000834339,1.64482e-09,0
0,77,0.00085615,1.70974e-09,0
0,78,0.000878244,1.77635e-09,0
0,79,0.000900618,1.84466e-09,0
0,80,0.000923275,1.9147e-09,0
0,81,0.000946212,1.9865e-09,0
0,82,0.000969431,2.06006e-09,0
0,83,0.000992932,2.13542e-09,0
0,84,0.00101671,2.2126e-09,0
0,85,0.00104078,2.29162e-09,0
0,86,0.00106512,2.37249e-09,0
0,87,0.00108975,2.45524e-09,0
0,88,0.00111466,2.5399e-09,0
0,89,0.00113985,2.62648e-09,0
0,90,0.00116532,2.715e-09,0
0,91,0.00119107,2.8055e-09,0
0,92,0.0012171,2.89798e-09,0
0,93,0.00124342,2.99247e-09,0
0,94,0.00127001,3.089e-09,0
0,95,0.00129689,3.18757e-09,0
0,96,0.00132405,3.28823e-09,0
0,97,0.00135149,3.39098e-09,0
0,98,0.00137921,3.49584e-09,0
0,99,0.00140722,3.60285e-09,0
1,0,5.791e+10,1.73345e+07,0
1,1,5.791e+10,94724,0
1,2,5.791e+10,142086,0
1,3,5.791e+10,189448,0
1,4,5.791e+10,236810,0
1,5,5.791e+10,284172,0
1,6,5.791e+10,331534,0
1,7,5.791e+10,378896,0
1,8,5.791e+10,426258,0
1,9,5.791e+10,473620,0
1,10,5.791e+10,520982,0
1,11,5.791e+10,568344,0
1,12,5.791e+10,615706,0
1,13,5.791e+10,663068,0
1,14,5.791e+10,710430,0
1,15,5.791e+10,757792,0
1,16,5.791e+10,805154,0
1,17,5.791e+10,852516,0
1,18,5.791e+10,899878,0
1,19,5.791e+10,947240,0
1,20,5.791e+10,994602,0
1,21,5.791e+10,1.04196e+06,0
1,22,5.791e+10,1.08933e+06,0
1,23,5.791e+10,1.13669e+06,0
1,24,5.791e+10,1.18405e+06,0
1,25,5.791e+10,1.23141e+06,0
1,26,5.791e+10,1.27877e+06,0
1,27,5.791e+10,1.32614e+06,0
1,28,5.791e+10,1.3735e+06,0
1,29,5.791e+10,1.42086e+06,0
1,30,5.791e+10,1.46822e+06,0
1,31,5.791e+10,1.51558e+06,0
1,32,5.791e+10,1.56295e+06,0
1,33,5.791e+10,1.61031e+06,0
1,34,5.791e+10,1.65767e+06,0
1,35,5.791e+10,1.70503e+06,0
1,36,5.791e+10,1.75239e+06,0
1,37,5.791e+10,1.79976e+06,0
1,38,5.791e+10,1.84712e+06,0
1,39,5.791e+10,1.89448e+06,0
1,40,5.791e+10,1.94184e+06,0
1,41,5.791e+10,1.9892e+06,0
1,42,5.791e+10,2.03657e+06,0
1,43,5.791e+10,2.08393e+06,0
1,44,5.791e+10,2.13129e+06,0
1,45,5.791e+10,2.17865e+06,0
1,46,5.791e+10,2.22601e+06,0
1,47,5.791e+10,2.27338e+06,0
1,48,5.791e+10,2.32074e+06,0
1,49,5.791e+10,2.3681e+06,0
1,50,5.791e+10,2.41546e+06,0
1,51,5.791e+10,2.46282e+06,0
1,52,5.791e+10,2.51019e+06,0
1,53,5.791e+10,2.55755e+06,0
1,54,5.791e+10,2.60491e+06,0
1,55,5.791e+10,2.65227e+06,0
1,56,5.791e+10,2.69963e+06,0
1,57,5.791e+10,2.747e+06,0
1,58,5.791e+10,2.79436e+06,0
1,59,5.791e+10,2.84172e+06,0
1,60,5.791e+10,2.88908e+06,0
1,61,5.791e+10,2.93644e+06,0
1,62,5.791e+10,2.98381e+06,0
1,63,5.791e+10,3.03117e+06,0
1,64,5.791e+10,3.07853e+06,0
1,65,5.791e+10,3.12589e+06,0
1,66,5.791e+10,3.17325e+06,0
1,67,5.791e+10,3.22062e+06,0
1,68,5.791e+10,3.26798e+06,0
1,69,5.791e+10,3.31534e+06,0
1,70,5.791e+10,3.3627e+06,0
1,71,5.791e+10,3.41006e+06,0
1,72,5.791e+10,3.45743e+06,0
1,73,5.791e+10,3.50479e+06,0
1,74,5.791e+10,3.55215e+06,0
1,75,5.791e+10,3.59951e+06,0
1,76,5.791e+10,3.64687e+06,0
1,77,5.791e+10,3.69424e+06,0
1,78,5.791e+10,3.7416e+06,0
1,79,5.791e+10,3.78896e+06,0
1,80,5.791e+10,3.83632e+06,0
1,81,5.791e+10,3.88368e+06,0
1,82,5.791e+10,3.93105e+06,0
1,83,5.791e+10,3.97841e+06,0
1,84,5.791e+10,4.02577e+06,0
1,85,5.791e+10,4.07313e+06,0
1,86,5.791e+10,4.12049e+06,0
1,87,5.791e+10,4.16786e+06,0
1,88,5.791e+10,4.21522e+06,0
1,89,5.791e+10,4.26258e+06,0
1,90,5.791e+10,4.30994e+06,0
1,91,5.791e+10,4.3573e+06,0
1,92,5.791e+10,4.40467e+06,0
1,93,5.791e+10,4.45203e+06,0
1,94,5.791e+10,4.49939e+06,0
1,95,5.791e+10,4.54675e+06,0
1,96,5.791e+10,4.59411e+06,0
1,97,5.791e+10,4.64148e+06,0
1,98,5.791e+10,4.68884e+06,0
1,99,5.791e+10,4.7362e+06,0
2,0,1.0821e+11,1.28181e+07,0
2,1,1.0821e+11,70044,0
2,2,1.0821e+11,105066,0
2,3,1.0821e+11,140088,0
2,4,1.0821e+11,175110,0
2,5,1.0821e+11,210132,0
2,6,1.0821e+11,245154,0
2,7,1.0821e+11,280176,0
2,8,1.0821e+11,315198,0
2,9,1.0821e+11,350220,0
2,10,1.0821e+11,385242,0
2,11,1.0821e+11,420264,0
2,12,1.0821e+11,455286,0
2,13,1.0821e+11,490308,0
2,14,1.0821e+11,525330,0
2,15,1.0821e+11,560352,0
2,16,1.0821e+11,595374,0
2,17,1.0821e+11,630396,0
2,18,1.0821e+11,665418,0
2,19,1.0821e+11,700440,0
2,20,1.0821e+11,735462,0
2,21,1.0821e+11,770484,0
2,22,1.0821e+11,805506,0
2,23,1.0821e+11,840528,0
2,24,1.0821e+11,875550,0
2,25,1.0821e+11,910572,0
2,26,1.0821e+11,945594,0
2,27,1.0821e+11,980616,0
2,28,1.0821e+11,1.01564e+06,0
2,29,1.0821e+11,1.05066e+06,0
2,30,1.0821e+11,1.08568e+06,0
2,31,1.0821e+11,1.1207e+06,0
2,32,1.0821e+11,1.15573e+06,0
2,33,1.0821e+11,1.19075e+06,0
2,34,1.0821e+11,1.22577e+06,0
2,35,1.0821e+11,1.26079e+06,0
2,36,1.0821e+11,1.29581e+06,0
2,37,1.0821e+11,1.33084e+06,0
2,38,1.0821e+11,1.36586e+06,0
2,39,1.0821e+11,1.40088e+06,0
2,40,1.0821e+11,1.4359e+06,0
2,41,1.0821e+11,1.47092e+06,0
2,42,1.0821e+11,1.50595e+06,0
2,43,1.0821e+11,1.54097e+06,0
2,44,1.0821e+11,1.57599e+06,0
2,45,1.0821e+11,1.61101e+06,0
2,46,1.0821e+11,1.64603e+06,0
2,47,1.0821e+11,1.68106e+06,0
2,48,1.0821e+11,1.71608e+06,0
2,49,1.0821e+11,1.7511e+06,0
2,50,1.0821e+11,1.78612e+06,0
2,51,1.0821e+11,1.82114e+06,0
2,52,1.0821e+11,1.85617e+06,0
2,53,1.0821e+11,1.89119e+06,0
2,54,1.0821e+11,1.92621e+06,0
2,55,1.0821e+11,1.96123e+06,0
2,56,1.0821e+11,1.99625e+06,0
2,57,1.0821e+11,2.03128e+06,0
2,58,1.0821e+11,2.0663e+06,0
2,59,1.0821e+11,2.10132e+06,0
2,60,1.0821e+11,2.13634e+06,0
2,61,1.0821e+11,2.17136e+06,0
2,62,1.0821e+11,2.20639e+06,0
2,63,1.0821e+11,2.24141e+06,0
2,64,1.0821e+11,2.27643e+06,0
2,65,1.0821e+11,2.31145e+06,0
2,66,1.0821e+11,2.34647e+06,0
2,67,1.0821e+11,2.3815e+06,0
2,68,1.0821e+11,2.41652e+06,0
2,69,1.0821e+11,2.45154e+06,0
2,70,1.0821e+11,2.48656e+06,0
2,71,1.0821e+11,2.52158e+06,0
2,72,1.0821e+11,2.55661e+06,0
2,73,1.0821e+11,2.59163e+06,0
2,74,1.0821e+11,2.62665e+06,0
2,75,1.0821e+11,2.66167e+06,0
2,76,1.0821e+11,2.69669e+06,0
2,77,1.0821e+11,2.73172e+06,0
2,78,1.0821e+11,2.76674e+06,0
2,79,1.0821e+11,2.80176e+06,0
2,80,1.0821e+11,2.83678e+06,0
2,81,1.0821e+11,2.8718e+06,0
2,82,1.0821e+11,2.90683e+06,0
2,83,1.0821e+11,2.94185e+06,0
2,84,1.0821e+11,2.97687e+06,0
2,85,1.0821e+11,3.01189e+06,0
2,86,1.0821e+11,3.04691e+06,0
2,87,1.0821e+11,3.08194e+06,0
2,88,1.0821e+11,3.11696e+06,0
2,89,1.0821e+11,3.15198e+06,0
2,90,1.0821e+11,3.187e+06,0
2,91,1.0821e+11,3.22202e+06,0
2,92,1.0821e+11,3.25705e+06,0
2,93,1.0821e+11,3.29207e+06,0
2,94,1.0821e+11,3.32709e+06,0
2,95,1.0821e+11,3.36211e+06,0
2,96,1.0821e+11,3.39713e+06,0
2,97,1.0821e+11,3.43216e+06,0
2,98,1.0821e+11,3.46718e+06,0
2,99,1.0821e+11,3.5022e+06,0
3,0,1.496e+11,1.09006e+07,0
3,1,1.496e+11,59566,0
3,2,1.496e+11,89349,0
3,3,1.496e+11,119132,0
3,4,1.496e+11,148915,0
3,5,1.496e+11,178698,0
3,6,1.496e+11,208481,0
3,7,1.496e+11,238264,0
3,8,1.496e+11,268047,0
3,9,1.496e+11,297830,0
3,10,1.496e+11,327613,0
3,11,1.496e+11,357396,0
3,12,1.496e+11,387179,0
3,13,1.496e+11,416962,0
3,14,1.496e+11,446745,0
3,15,1.496e+11,476528,0
3,16,1.496e+11,506311,0
3,17,1.496e+11,536094,0
3,18,1.496e+11,565877,0
3,19,1.496e+11,595660,0
3,20,1.496e+11,625443,0
3,21,1.496e+11,655226,0
3,22,1.496e+11,685009,0
3,23,1.496e+11,714792,0
3,24,1.496e+11,744575,0
3,25,1.496e+11,774358,0
3,26,1.496e+11,804141,0
3,27,1.496e+11,833924,0
3,28,1.496e+11,863707,0
3,29,1.496e+11,893490,0
3,30,1.496e+11,923273,0
3,31,1.496e+11,953056,0
3,32,1.496e+11,982839,0
3,33,1.496e+11,1.01262e+06,0
3,34,1.496e+11,1.0424e+06,0
3,35,1.496e+11,1.07219e+06,0
3,36,1.496e+11,1.10197e+06,0
3,37,1.496e+11,1.13175e+06,0
3,38,1.496e+11,1.16154e+06,0
3,39,1.496e+11,1.19132e+06,0
3,40,1.496e+11,1.2211e+06,0
3,41,1.496e+11,1.25089e+06,0
3,42,1.496e+11,1.28067e+06,0
3,43,1.496e+11,1.31045e+06,0
3,44,1.496e+11,1.34024e+06,0
3,45,1.496e+11,1.37002e+06,0
3,46,1.496e+11,1.3998e+06,0
3,47,1.496e+11,1.42958e+06,0
3,48,1.496e+11,1.45937e+06,0
3,49,1.496e+11,1.48915e+06,0
3,50,1.496e+11,1.51893e+06,0
3,51,1.496e+11,1.54872e+06,0
3,52,1.496e+11,1.5785e+06,0
3,53,1.496e+11,1.60828e+06,0
3,54,1.496e+11,1.63806e+06,0
3,55,1.496e+11,1.66785e+06,0
3,56,1.496e+11,1.69763e+06,0
3,57,1.496e+11,1.72741e+06,0
3,58,1.496e+11,1.7572e+06,0
3,59,1.496e+11,1.78698e+06,0
3,60,1.496e+11,1.81676e+06,0
3,61,1.496e+11,1.84655e+06,0
3,62,1.496e+11,1.87633e+06,0
3,63,1.496e+11,1.90611e+06,0
3,64,1.496e+11,1.93589e+06,0
3,65,1.496e+11,1.96568e+06,0
3,66,1.496e+11,1.99546e+06,0
3,67,1.496e+11,2.02524e+06,0
3,68,1.496e+11,2.05503e+06,0
3,69,1.496e+11,2.08481e+06,0
3,70,1.496e+11,2.11459e+06,0
3,71,1.496e+11,2.14438e+06,0
3,72,1.496e+11,2.17416e+06,0
3,73,1.496e+11,2.20394e+06,0
3,74,1.496e+11,2.23372e+06,0
3,75,1.496e+11,2.26351e+06,0
3,76,1.496e+11,2.29329e+06,0
3,77,1.496e+11,2.32307e+06,0
3,78,1.496e+11,2.35286e+06,0
3,79,1.496e+11,2.38264e+06,0
3,80,1.496e+11,2.41242e+06,0
3,81,1.496e+11,2.44221e+06,0
3,82,1.496e+11,2.47199e+06,0
3,83,1.496e+11,2.50177e+06,0
3,84,1.496e+11,2.53156e+06,0
3,85,1.496e+11,2.56134e+06,0
3,86,1.496e+11,2.59112e+06,0
3,87,1.496e+11,2.6209e+06,0
3,88,1.496e+11,2.65069e+06,0
3,89,1.496e+11,2.68047e+06,0
3,90,1.496e+11,2.71025e+06,0
3,91,1.496e+11,2.74004e+06,0
3,92,1.496e+11,2.76982e+06,0
3,93,1.496e+11,2.7996e+06,0
3,94,1.496e+11,2.82938e+06,0
3,95,1.496e+11,2.85917e+06,0
3,96,1.496e+11,2.88895e+06,0
3,97,1.496e+11,2.91873e+06,0
3,98,1.496e+11,2.94852e+06,0
3,99,1.496e+11,2.9783e+06,0
4,0,2.2794e+11,8.81218e+06,0
4,1,2.2794e+11,48154,0
4,2,2.2794e+11,72231,0
4,3,2.2794e+11,96308,0
4,4,2.2794e+11,120385,0
4,5,2.2794e+11,144462,0
4,6,2.2794e+11,168539,0
4,7,2.2794e+11,192616,0
4,8,2.2794e+11,216693,0
4,9,2.2794e+11,240770,0
4,10,2.2794e+11,264847,0
4,11,2.2794e+11,288924,0
4,12,2.2794e+11,313001,0
4,13,2.2794e+11,337078,0
4,14,2.2794e+11,361155,0
4,15,2.2794e+11,385232,0
4,16,2.2794e+11,409309,0
4,17,2.2794e+11,433386,0
4,18,2.2794e+11,457463,0
4,19,2.2794e+11,481540,0
4,20,2.2794e+11,505617,0
4,21,2.2794e+11,529694,0
4,22,2.2794e+11,553771,0
4,23,2.2794e+11,577848,0
4,24,2.2794e+11,601925,0
4,25,2.2794e+11,626002,0
4,26,2.2794e+11,650079,0
4,27,2.2794e+11,674156,0
4,28,2.2794e+11,698233,0
4,29,2.2794e+11,722310,0
4,30,2.2794e+11,746387,0
4,31,2.2794e+11,770464,0
4,32,2.2794e+11,794541,0
4,33,2.2794e+11,818618,0
4,34,2.2794e+11,842695,0
4,35,2.2794e+11,866772,0
4,36,2.2794e+11,890849,0
4,37,2.2794e+11,914926,0
4,38,2.2794e+11,939003,0
4,39,2.2794e+11,963080,0
4,40,2.2794e+11,987157,0
4,41,2.2794e+11,1.01123e+06,0
4,42,2.2794e+11,1.03531e+06,0
4,43,2.2794e+11,1.05939e+06,0
4,44,2.2794e+11,1.08346e+06,0
4,45,2.2794e+11,1.10754e+06,0
4,46,2.2794e+11,1.13162e+06,0
4,47,2.2794e+11,1.1557e+06,0
4,48,2.2794e+11,1.17977e+06,0
4,49,2.2794e+11,1.20385e+06,0
4,50,2.2794e+11,1.22793e+06,0
4,51,2.2794e+11,1.252e+06,0
4,52,2.2794e+11,1.27608e+06,0
4,53,2.2794e+11,1.30016e+06,0
4,54,2.2794e+11,1.32424e+06,0
4,55,2.2794e+11,1.34831e+06,0
4,56,2.2794e+11,1.37239e+06,0
4,57,2.2794e+11,1.39647e+06,0
4,58,2.2794e+11,1.42054e+06,0
4,59,2.2794e+11,1.44462e+06,0
4,60,2.2794e+11,1.4687e+06,0
4,61,2.2794e+11,1.49277e+06,0
4,62,2.2794e+11,1.51685e+06,0
4,63,2.2794e+11,1.54093e+06,0
4,64,2.2794e+11,1.565e+06,0
4,65,2.2794e+11,1.58908e+06,0
4,66,2.2794e+11,1.61316e+06,0
4,67,2.2794e+11,1.63724e+06,0
4,68,2.2794e+11,1.66131e+06,0
4,69,2.2794e+11,1.68539e+06,0
4,70,2.2794e+11,1.70947e+06,0
4,71,2.2794e+11,1.73354e+06,0
4,72,2.2794e+11,1.75762e+06,0
4,73,2.2794e+11,1.7817e+06,0
4,74,2.2794e+11,1.80577e+06,0
4,75,2.2794e+11,1.82985e+06,0
4,76,2.2794e+11,1.85393e+06,0
4,77,2.2794e+11,1.87801e+06,0
4,78,2.2794e+11,1.90208e+06,0
4,79,2.2794e+11,1.92616e+06,0
4,80,2.2794e+11,1.95024e+06,0
4,81,2.2794e+11,1.97431e+06,0
4,82,2.2794e+11,1.99839e+06,0
4,83,2.2794e+11,2.02247e+06,0
4,84,2.2794e+11,2.04654e+06,0
4,85,2.2794e+11,2.07062e+06,0
4,86,2.2794e+11,2.0947e+06,0
4,87,2.2794e+11,2.11878e+06,0
4,88,2.2794e+11,2.14285e+06,0
4,89,2.2794e+11,2.16693e+06,0
4,90,2.2794e+11,2.19101e+06,0
4,91,2.2794e+11,2.21508e+06,0
4,92,2.2794e+11,2.23916e+06,0
4,93,2.2794e+11,2.26324e+06,0
4,94,2.2794e+11,2.28732e+06,0
4,95,2.2794e+11,2.31139e+06,0
4,96,2.2794e+11,2.33547e+06,0
4,97,2.2794e+11,2.35955e+06,0
4,98,2.2794e+11,2.38362e+06,0
4,99,2.2794e+11,2.4077e+06,0
5,0,7.7857e+11,4.78435e+06,0
5,1,7.7857e+11,26144,0
5,2,7.7857e+11,39216,0
5,3,7.7857e+11,52288,0
5,4,7.7857e+11,65360,0
5,5,7.7857e+11,78432,0
5,6,7.7857e+11,91504,0
5,7,7.7857e+11,104576,0
5,8,7.7857e+11,117648,0
5,9,7.7857e+11,130720,0
5,10,7.7857e+11,143792,0
5,11,7.7857e+11,156864,0
5,12,7.7857e+11,169936,0
5,13,7.7857e+11,183008,0
5,14,7.7857e+11,196080,0
5,15,7.7857e+11,209152,0
5,16,7.7857e+11,222224,0
5,17,7.7857e+11,235296,0
5,18,7.7857e+11,248368,0
5,19,7.7857e+11,261440,0
5,20,7.7857e+11,274512,0
5,21,7.7857e+11,287584,0
5,22,7.7857e+11,300656,0
5,23,7.7857e+11,313728,0
5,24,7.7857e+11,326800,0
5,25,7.7857e+11,339872,0
5,26,7.7857e+11,352944,0
5,27,7.7857e+11,366016,0
5,28,7.7857e+11,379088,0
5,29,7.7857e+11,392160,0
5,30,7.7857e+11,405232,0
5,31,7.7857e+11,418304,0
5,32,7.7857e+11,431376,0
5,33,7.7857e+11,444448,0
5,34,7.7857e+11,457520,0
5,35,7.7857e+11,470592,0
5,36,7.7857e+11,483664,0
5,37,7.7857e+11,496736,0
5,38,7.7857e+11,509808,0
5,39,7.7857e+11,522880,0
5,40,7.7857e+11,535952,0
5,41,7.7857e+11,549024,0
5,42,7.7857e+11,562096,0
5,43,7.7857e+11,575168,0
5,44,7.7857e+11,588240,0
5,45,7.7857e+11,601312,0
5,46,7.7857e+11,614384,0
5,47,7.7857e+11,627456,0
5,48,7.7857e+11,640528,0
5,49,7.7857e+11,653600,0
5,50,7.7857e+11,666672,0
5,51,7.7857e+11,679744,0
5,52,7.7857e+11,692816,0
5,53,7.7857e+11,705888,0
5,54,7.7857e+11,718960,0
5,55,7.7857e+11,732032,0
5,56,7.7857e+11,745104,0
5,57,7.7857e+11,758176,0
5,58,7.7857e+11,771248,0
5,59,7.7857e+11,784320,0
5,60,7.7857e+11,797392,0
5,61,7.7857e+11,810464,0
5,62,7.7857e+11,823536,0
5,63,7.7857e+11,836608,0
5,64,7.7857e+11,849680,0
5,65,7.7857e+11,862752,0
5,66,7.7857e+11,875824,0
5,67,7.7857e+11,888896,0
5,68,7.7857e+11,901968,0
5,69,7.7857e+11,915040,0
5,70,7.7857e+11,928112,0
5,71,7.7857e+11,941184,0
5,72,7.7857e+11,954256,0
5,73,7.7857e+11,967328,0
5,74,7.7857e+11,980400,0
5,75,7.7857e+11,993472,0
5,76,7.7857e+11,1.00654e+06,0
5,77,7.7857e+11,1.01962e+06,0
5,78,7.7857e+11,1.03269e+06,0
5,79,7.7857e+11,1.04576e+06,0
5,80,7.7857e+11,1.05883e+06,0
5,81,7.7857e+11,1.0719e+06,0
5,82,7.7857e+11,1.08498e+06,0
5,83,7.7857e+11,1.09805e+06,0
5,84,7.7857e+11,1.11112e+06,0
5,85,7.7857e+11,1.12419e+06,0
5,86,7.7857e+11,1.13726e+06,0
5,87,7.7857e+11,1.15034e+06,0
5,88,7.7857e+11,1.16341e+06,0
5,89,7.7857e+11,1.17648e+06,0
5,90,7.7857e+11,1.18955e+06,0
5,91,7.7857e+11,1.20262e+06,0
5,92,7.7857e+11,1.2157e+06,0
5,93,7.7857e+11,1.22877e+06,0
5,94,7.7857e+11,1.24184e+06,0
5,95,7.7857e+11,1.25491e+06,0
5,96,7.7857e+11,1.26798e+06,0
5,97,7.7857e+11,1.28106e+06,0
5,98,7.7857e+11,1.29413e+06,0
5,99,7.7857e+11,1.3072e+06,0
6,0,1.4335e+12,3.53292e+06,0
6,1,1.4335e+12,19305.6,0
6,2,1.4335e+12,28958.4,0
6,3,1.4335e+12,38611.2,0
6,4,1.4335e+12,48264,0
6,5,1.4335e+12,57916.8,0
6,6,1.4335e+12,67569.6,0
6,7,1.4335e+12,77222.4,0
6,8,1.4335e+12,86875.2,0
6,9,1.4335e+12,96528,0
6,10,1.4335e+12,106181,0
6,11,1.4335e+12,115834,0
6,12,1.4335e+12,125486,0
6,13,1.4335e+12,135139,0
6,14,1.4335e+12,144792,0
6,15,1.4335e+12,154445,0
6,16,1.4335e+12,164098,0
6,17,1.4335e+12,173750,0
6,18,1.4335e+12,183403,0
6,19,1.4335e+12,193056,0
6,20,1.4335e+12,202709,0
6,21,1.4335e+12,212362,0
6,22,1.4335e+12,222014,0
6,23,1.4335e+12,231667,0
6,24,1.4335e+12,241320,0
6,25,1.4335e+12,250973,0
6,26,1.4335e+12,260626,0
6,27,1.4335e+12,270278,0
6,28,1.4335e+12,279931,0
6,29,1.4335e+12,289584,0
6,30,1.4335e+12,299237,0
6,31,1.4335e+12,308890,0
6,32,1.4335e+12,318542,0
6,33,1.4335e+12,328195,0
6,34,1.4335e+12,337848,0
6,35,1.4335e+12,347501,0
6,36,1.4335e+12,357154,0
6,37,1.4335e+12,366806,0
6,38,1.4335e+12,376459,0
6,39,1.4335e+12,386112,0
6,40,1.4335e+12,395765,0
6,41,1.4335e+12,405418,0
6,42,1.4335e+12,415070,0
6,43,1.4335e+12,424723,0
6,44,1.4335e+12,434376,0
6,45,1.4335e+12,444029,0
6,46,1.4335e+12,453682,0
6,47,1.4335e+12,463334,0
6,48,1.4335e+12,472987,0
6,49,1.4335e+12,482640,0
6,50,1.4335e+12,492293,0
6,51,1.4335e+12,501946,0
6,52,1.4335e+12,511598,0
6,53,1.4335e+12,521251,0
6,54,1.4335e+12,530904,0
6,55,1.4335e+12,540557,0
6,56,1.4335e+12,550210,0
6,57,1.4335e+12,559862,0
6,58,1.4335e+12,569515,0
6,59,1.4335e+12,579168,0
6,60,1.4335e+12,588821,0
6,61,1.4335e+12,598474,0
6,62,1.4335e+12,608126,0
6,63,1.4335e+12,617779,0
6,64,1.4335e+12,627432,0
6,65,1.4335e+12,637085,0
6,66,1.4335e+12,646738,0
6,67,1.4335e+12,656390,0
6,68,1.4335e+12,666043,0
6,69,1.4335e+12,675696,0
6,70,1.4335e+12,685349,0
6,71,1.4335e+12,695002,0
6,72,1.4335e+12,704654,0
6,73,1.4335e+12,714307,0
6,74,1.4335e+12,723960,0
6,75,1.4335e+12,733613,0
6,76,1.4335e+12,743266,0
6,77,1.4335e+12,752918,0
6,78,1.4335e+12,762571,0
6,79,1.4335e+12,772224,0
6,80,1.4335e+12,781877,0
6,81,1.4335e+12,791530,0
6,82,1.4335e+12,801182,0
6,83,1.4335e+12,810835,0
6,84,1.4335e+12,820488,0
6,85,1.4335e+12,830141,0
6,86,1.4335e+12,839794,0
6,87,1.4335e+12,849446,0
6,88,1.4335e+12,859099,0
6,89,1.4335e+12,868752,0
6,90,1.4335e+12,878405,0
6,91,1.4335e+12,888058,0
6,92,1.4335e+12,897710,0
6,93,1.4335e+12,907363,0
6,94,1.4335e+12,917016,0
6,95,1.4335e+12,926669,0
6,96,1.4335e+12,936322,0
6,97,1.4335e+12,945974,0
6,98,1.4335e+12,955627,0
6,99,1.4335e+12,965280,0
7,0,2.8725e+12,2.50168e+06,0
7,1,2.8725e+12,13670.4,0
7,2,2.8725e+12,20505.6,0
7,3,2.8725e+12,27340.8,0
7,4,2.8725e+12,34176,0
7,5,2.8725e+12,41011.2,0
7,6,2.8725e+12,47846.4,0
7,7,2.8725e+12,54681.6,0
7,8,2.8725e+12,61516.8,0
7,9,2.8725e+12,68352,0
7,10,2.8725e+12,75187.2,0
7,11,2.8725e+12,82022.4,0
7,12,2.8725e+12,88857.6,0
7,13,2.8725e+12,95692.8,0
7,14,2.8725e+12,102528,0
7,15,2.8725e+12,109363,0
7,16,2.8725e+12,116198,0
7,17,2.8725e+12,123034,0
7,18,2.8725e+12,129869,0
7,19,2.8725e+12,136704,0
7,20,2.8725e+12,143539,0
7,21,2.8725e+12,150374,0
7,22,2.8725e+12,157210,0
7,23,2.8725e+12,164045,0
7,24,2.8725e+12,170880,0
7,25,2.8725e+12,177715,0
7,26,2.8725e+12,184550,0
7,27,2.8725e+12,191386,0
7,28,2.8725e+12,198221,0
7,29,2.8725e+12,205056,0
7,30,2.8725e+12,211891,0
7,31,2.8725e+12,218726,0
7,32,2.8725e+12,225562,0
7,33,2.8725e+12,232397,0
7,34,2.8725e+12,239232,0
7,35,2.8725e+12,246067,0
7,36,2.8725e+12,252902,0
7,37,2.8725e+12,259738,0
7,38,2.8725e+12,266573,0
7,39,2.8725e+12,273408,0
7,40,2.8725e+12,280243,0
7,41,2.8725e+12,287078,0
7,42,2.8725e+12,293914,0
7,43,2.8725e+12,300749,0
7,44,2.8725e+12,307584,0
7,45,2.8725e+12,314419,0
7,46,2.8725e+12,321254,0
7,47,2.8725e+12,328090,0
7,48,2.8725e+12,334925,0
7,49,2.8725e+12,341760,0
7,50,2.8725e+12,348595,0
7,51,2.8725e+12,355430,0
7,52,2.8725e+12,362266,0
7,53,2.8725e+12,369101,0
7,54,2.8725e+12,375936,0
7,55,2.8725e+12,382771,0
7,56,2.8725e+12,389606,0
7,57,2.8725e+12,396442,0
7,58,2.8725e+12,403277,0
7,59,2.8725e+12,410112,0
7,60,2.8725e+12,416947,0
7,61,2.8725e+12,423782,0
7,62,2.8725e+12,430618,0
7,63,2.8725e+12,437453,0
7,64,2.8725e+12,444288,0
7,65,2.8725e+12,451123,0
7,66,2.8725e+12,457958,0
7,67,2.8725e+12,464794,0
7,68,2.8725e+12,471629,0
7,69,2.8725e+12,478464,0
7,70,2.8725e+12,485299,0
7,71,2.8725e+12,492134,0
7,72,2.8725e+12,498970,0
7,73,2.8725e+12,505805,0
7,74,2.8725e+12,512640,0
7,75,2.8725e+12,519475,0
7,76,2.8725e+12,526310,0
7,77,2.8725e+12,533146,0
7,78,2.8725e+12,539981,0
7,79,2.8725e+12,546816,0
7,80,2.8725e+12,553651,0
7,81,2.8725e+12,560486,0
7,82,2.8725e+12,567322,0
7,83,2.8725e+12,574157,0
7,84,2.8725e+12,580992,0
7,85,2.8725e+12,587827,0
7,86,2.8725e+12,594662,0
7,87,2.8725e+12,601498,0
7,88,2.8725e+12,608333,0
7,89,2.8725e+12,615168,0
7,90,2.8725e+12,622003,0
7,91,2.8725e+12,628838,0
7,92,2.8725e+12,635674,0
7,93,2.8725e+12,642509,0
7,94,2.8725e+12,649344,0
7,95,2.8725e+12,656179,0
7,96,2.8725e+12,663014,0
7,97,2.8725e+12,669850,0
7,98,2.8725e+12,676685,0
7,99,2.8725e+12,683520,0
8,0,4.4951e+12,2.00487e+06,0
8,1,4.4951e+12,10955.6,0
8,2,4.4951e+12,16433.4,0
8,3,4.4951e+12,21911.2,0
8,4,4.4951e+12,27389,0
8,5,4.4951e+12,32866.8,0
8,6,4.4951e+12,38344.6,0
8,7,4.4951e+12,43822.4,0
8,8,4.4951e+12,49300.2,0
8,9,4.4951e+12,54778,0
8,10,4.4951e+12,60255.8,0
8,11,4.4951e+12,65733.6,0
8,12,4.4951e+12,71211.4,0
8,13,4.4951e+12,76689.2,0
8,14,4.4951e+12,82167,0
8,15,4.4951e+12,87644.8,0
8,16,4.4951e+12,93122.6,0
8,17,4.4951e+12,98600.4,0
8,18,4.4951e+12,104078,0
8,19,4.4951e+12,109556,0
8,20,4.4951e+12,115034,0
8,21,4.4951e+12,120512,0
8,22,4.4951e+12,125989,0
8,23,4.4951e+12,131467,0
8,24,4.4951e+12,136945,0
8,25,4.4951e+12,142423,0
8,26,4.4951e+12,147901,0
8,27,4.4951e+12,153378,0
8,28,4.4951e+12,158856,0
8,29,4.4951e+12,164334,0
8,30,4.4951e+12,169812,0
8,31,4.4951e+12,175290,0
8,32,4.4951e+12,180767,0
8,33,4.4951e+12,186245,0
8,34,4.4951e+12,191723,0
8,35,4.4951e+12,197201,0
8,36,4.4951e+12,202679,0
8,37,4.4951e+12,208156,0
8,38,4.4951e+12,213634,0
8,39,4.4951e+12,219112,0
8,40,4.4951e+12,224590,0
8,41,4.4951e+12,230068,0
8,42,4.4951e+12,235545,0
8,43,4.4951e+12,241023,0
8,44,4.4951e+12,246501,0
8,45,4.4951e+12,251979,0
8,46,4.4951e+12,257457,0
8,47,4.4951e+12,262934,0
8,48,4.4951e+12,268412,0
8,49,4.4951e+12,273890,0
8,50,4.4951e+12,279368,0
8,51,4.4951e+12,284846,0
8,52,4.4951e+12,290323,0
8,53,4.4951e+12,295801,0
8,54,4.4951e+12,301279,0
8,55,4.4951e+12,306757,0
8,56,4.4951e+12,312235,0
8,57,4.4951e+12,317712,0
8,58,4.4951e+12,323190,0
8,59,4.4951e+12,328668,0
8,60,4.4951e+12,334146,0
8,61,4.4951e+12,339624,0
8,62,4.4951e+12,345101,0
8,63,4.4951e+12,350579,0
8,64,4.4951e+12,356057,0
8,65,4.4951e+12,361535,0
8,66,4.4951e+12,367013,0
8,67,4.4951e+12,372490,0
8,68,4.4951e+12,377968,0
8,69,4.4951e+12,383446,0
8,70,4.4951e+12,388924,0
8,71,4.4951e+12,394402,0
8,72,4.4951e+12,399879,0
8,73,4.4951e+12,405357,0
8,74,4.4951e+12,410835,0
8,75,4.4951e+12,416313,0
8,76,4.4951e+12,421791,0
8,77,4.4951e+12,427268,0
8,78,4.4951e+12,432746,0
8,79,4.4951e+12,438224,0
8,80,4.4951e+12,443702,0
8,81,4.4951e+12,449180,0
8,82,4.4951e+12,454657,0
8,83,4.4951e+12,460135,0
8,84,4.4951e+12,465613,0
8,85,4.4951e+12,471091,0
8,86,4.4951e+12,476569,0
8,87,4.4951e+12,482046,0
8,88,4.4951e+12,487524,0
8,89,4.4951e+12,493002,0
8,90,4.4951e+12,498480,0
8,91,4.4951e+12,503958,0
8,92,4.4951e+12,509435,0
8,93,4.4951e+12,514913,0
8,94,4.4951e+12,520391,0
8,95,4.4951e+12,525869,0
8,96,4.4951e+12,531347,0
8,97,4.4951e+12,536824,0
8,98,4.4951e+12,542302,0
8,99,4.4951e+12,547780,0
